country,child_health_change,priority_country
Afghanistan,0.139,TRUE
Albania,0.017000000000000015,FALSE
Algeria,0.0030000000000000027,FALSE
Angola,0.09699999999999998,TRUE
Argentina,0.006000000000000005,FALSE
Armenia,0.010000000000000009,FALSE
Azerbaijan,0.03399999999999992,FALSE
Bangladesh,0.05600000000000005,TRUE
Belarus,0.0020000000000000018,FALSE
Belize,0.016000000000000014,FALSE
Benin,0.052000000000000046,TRUE
Bhutan,0.050000000000000044,FALSE
Bolivia,0.06900000000000006,FALSE
Bosnia and Herzegovina,0,FALSE
Botswana,0.05499999999999994,FALSE
Brazil,0.027999999999999914,FALSE
Bulgaria,0.0020000000000000018,FALSE
Burkina Faso,0.06600000000000003,TRUE
Burma,0.08000000000000007,TRUE
Burundi,0.05800000000000005,FALSE
Cabo Verde,0.06599999999999995,FALSE
Cambodia,0.09699999999999998,TRUE
Cameroon,0.07600000000000001,FALSE
Central African Republic,0.046999999999999986,FALSE
Chad,0.095,FALSE
China,0.05600000000000005,FALSE
Colombia,0.029999999999999916,FALSE
Comoros,0.03399999999999992,FALSE
Congo (Brazzaville),0.04899999999999999,FALSE
Congo (Kinshasa),0.05099999999999999,FALSE
Costa Rica,0.009000000000000008,FALSE
Cote d'Ivoire,0.059,TRUE
Cuba,0.0119999999999999,FALSE
Djibouti,0.04799999999999993,FALSE
Dominica,-0.016000000000000014,FALSE
Dominican Republic,0.016000000000000014,FALSE
Ecuador,0.040000000000000036,FALSE
Egypt,0.014000000000000012,FALSE
El Salvador,0.014000000000000012,FALSE
Equatorial Guinea,0.04699999999999993,FALSE
Eritrea,0.025000000000000022,FALSE
Eswatini,0.05800000000000005,FALSE
Ethiopia,0.08999999999999997,TRUE
Fiji,0.0129999999999999,FALSE
Gabon,0.04200000000000004,FALSE
"Gambia, The",0.05400000000000005,FALSE
Georgia,0.0040000000000000036,FALSE
Ghana,0.08199999999999996,TRUE
Grenada,9.999999999998899e-4,FALSE
Guatemala,0.02299999999999991,FALSE
Guinea,0.07200000000000001,TRUE
Guinea-Bissau,0.07199999999999995,FALSE
Guyana,0.015000000000000013,FALSE
Haiti,0.059,TRUE
Honduras,0.039000000000000035,FALSE
India,0.1050000000000001,TRUE
Indonesia,0.08899999999999997,TRUE
Iran,0.015999999999999903,FALSE
Iraq,0.06399999999999995,FALSE
Jamaica,0.010000000000000009,FALSE
Jordan,0.0010000000000000009,FALSE
Kazakhstan,0.0050000000000000044,FALSE
Kenya,0.03999999999999998,TRUE
Kiribati,0.050000000000000044,FALSE
"Korea, North",0.01100000000000001,FALSE
Kosovo,NA,FALSE
Kyrgyzstan,0.02499999999999991,FALSE
Laos,0.1130000000000001,FALSE
Lebanon,0.03499999999999992,FALSE
Lesotho,0.07299999999999995,FALSE
Liberia,0.055999999999999994,TRUE
Libya,0.017000000000000015,FALSE
Madagascar,0.059,TRUE
Malawi,0.08000000000000002,TRUE
Malaysia,-0.0010000000000000009,FALSE
Maldives,0.03300000000000003,FALSE
Mali,0.15400000000000003,TRUE
Marshall Islands,0.016000000000000014,FALSE
Mauritania,0.10800000000000004,FALSE
Mauritius,0,FALSE
Mexico,0.027999999999999914,FALSE
"Micronesia, Federated States of",0.025000000000000022,FALSE
Moldova,0.025000000000000022,FALSE
Mongolia,0.05500000000000005,FALSE
Montenegro,0.020000000000000018,FALSE
Morocco,0.061000000000000054,FALSE
Mozambique,0.14499999999999996,TRUE
Namibia,0.040000000000000036,FALSE
Nepal,0.11199999999999999,TRUE
Nicaragua,0.014000000000000012,FALSE
Niger,0.098,TRUE
Nigeria,0.10599999999999998,TRUE
North Macedonia,0.020000000000000018,FALSE
Pakistan,0.07100000000000006,TRUE
Palau,0.007000000000000006,FALSE
Papua New Guinea,0.03600000000000003,FALSE
Paraguay,0.04599999999999993,FALSE
Peru,0.03600000000000003,FALSE
Philippines,0.050000000000000044,TRUE
Russia,0.0129999999999999,FALSE
Rwanda,0.06400000000000006,TRUE
Saint Lucia,0.010000000000000009,FALSE
Saint Vincent and the Grenadines,0.0020000000000000018,FALSE
Samoa,0.007999999999999896,FALSE
Sao Tome and Principe,0.051000000000000045,FALSE
Senegal,0.09599999999999997,TRUE
Serbia,0.013000000000000012,FALSE
Sierra Leone,0.14200000000000002,TRUE
Solomon Islands,0.009000000000000008,FALSE
Somalia,0.135,FALSE
South Africa,0.04299999999999993,FALSE
South Sudan,0.02200000000000002,TRUE
Sri Lanka,0.028999999999999915,FALSE
Sudan,0.055999999999999994,FALSE
Suriname,0.029999999999999916,FALSE
Syria,0.09300000000000008,FALSE
Tajikistan,0.04300000000000004,FALSE
Tanzania,0.09352729499999995,TRUE
Thailand,0.014136519000000014,TRUE
Timor-Leste,0.08992961200000005,FALSE
Togo,0.07544676,FALSE
Tonga,-2.5450500000001597e-4,FALSE
Tunisia,0.03987499699999997,FALSE
Turkey,0.02087036199999992,FALSE
Turkmenistan,0.022278473000000076,FALSE
Tuvalu,0.006674454999999968,FALSE
Uganda,0.08372538799999996,TRUE
Ukraine,0.004831701999999938,FALSE
Uzbekistan,0.006392370999999897,FALSE
Vanuatu,0.009252005000000008,FALSE
Venezuela,-0.0035837760000000385,FALSE
Vietnam,0.06123610400000001,FALSE
West Bank and Gaza,0.022035472999999972,FALSE
Yemen,0.032456401000000024,TRUE
Zambia,0.046838989,TRUE
Zimbabwe,-0.001506520999999983,TRUE
